{"cameraMode":{"drawMode":0,"name":"Shaded","section":"Shading Mode"},"sceneLighting":true,"audioPlay":false,"sceneViewState":{"m_AlwaysRefresh":false,"showFog":true,"showSkybox":true,"showFlares":true,"showImageEffects":true,"showParticleSystems":true,"showVisualEffectGraphs":true,"m_FxEnabled":true},"in2DMode":false,"pivot":{"x":0.07059288024902344,"y":1.789581298828125,"z":3.6641063690185549},"rotation":{"x":-0.00025528966216370463,"y":0.9916962385177612,"z":-0.0029951136093586685,"w":-0.12925221025943757},"size":4.97055196762085,"orthographic":false}