{"cameraMode":{"drawMode":0,"name":"Shaded","section":"Shading Mode"},"sceneLighting":true,"audioPlay":false,"sceneViewState":{"m_AlwaysRefresh":false,"showFog":true,"showSkybox":true,"showFlares":true,"showImageEffects":true,"showParticleSystems":true,"showVisualEffectGraphs":true,"m_FxEnabled":true},"in2DMode":false,"pivot":{"x":0.3376556634902954,"y":2.184797763824463,"z":9.73111343383789},"rotation":{"x":0.02787926234304905,"y":0.032981447875499728,"z":-0.0009205549722537398,"w":0.9990715384483337},"size":11.698525428771973,"orthographic":false}