{"cameraMode":{"drawMode":0,"name":"Shaded","section":"Shading Mode"},"sceneLighting":false,"audioPlay":false,"sceneViewState":{"m_AlwaysRefresh":false,"showFog":true,"showSkybox":false,"showFlares":true,"showImageEffects":true,"showParticleSystems":true,"showVisualEffectGraphs":true,"m_FxEnabled":true},"in2DMode":false,"pivot":{"x":0.028984487056732179,"y":1.0353525876998902,"z":-0.32311707735061648},"rotation":{"x":0.09265833348035813,"y":0.3463551104068756,"z":-0.034401632845401767,"w":0.93288254737854},"size":1.2359355688095093,"orthographic":false}