{"cameraMode":{"drawMode":0,"name":"Shaded","section":"Shading Mode"},"sceneLighting":false,"audioPlay":false,"sceneViewState":{"m_AlwaysRefresh":false,"showFog":true,"showSkybox":false,"showFlares":true,"showImageEffects":true,"showParticleSystems":true,"showVisualEffectGraphs":true,"m_FxEnabled":true},"in2DMode":false,"pivot":{"x":0.6174498796463013,"y":0.27756717801094057,"z":0.0042150020599365238},"rotation":{"x":0.0003583641373552382,"y":0.9928086400032044,"z":-0.11971212178468704,"w":0.002979372860863805},"size":1.3736826181411744,"orthographic":true}