{"cameraMode":{"drawMode":0,"name":"Shaded","section":"Shading Mode"},"sceneLighting":false,"audioPlay":false,"sceneViewState":{"m_AlwaysRefresh":false,"showFog":true,"showSkybox":false,"showFlares":true,"showImageEffects":true,"showParticleSystems":true,"showVisualEffectGraphs":true,"m_FxEnabled":true},"in2DMode":false,"pivot":{"x":0.06078353524208069,"y":-0.08324572443962097,"z":-0.11087298393249512},"rotation":{"x":-0.0002902453124988824,"y":0.9905165433883667,"z":-0.13756629824638368,"w":-0.0020853145979344846},"size":0.7107346653938294,"orthographic":false}